0,0.99963
0.033333,0.99988
0.066667,1.0001
0.1,1.001
0.13333,1.0008
0.16667,0.99962
0.2,1.0009
0.23333,1.0002
0.26667,0.99998
0.3,1.0006
0.33333,1.0003
0.36667,1.0004
0.4,1.0008
0.43333,1.0008
0.46667,1.0008
0.5,1.0006
0.53333,1.0001
0.56667,1.0006
0.6,1.0009
0.63333,1.0005
0.66667,1.0007
0.7,1.0006
0.73333,1.0003
0.76667,1.0002
0.8,0.99994
0.83333,1.0004
0.86667,0.99984
0.9,0.99986
0.93333,0.99994
0.96667,0.99933
1,1.0006
1.0333,1.0003
1.0667,0.99995
1.1,1.0006
1.1333,0.99968
1.1667,1.0001
1.2,1.0001
1.2333,1.0003
1.2667,1.0003
1.3,0.99992
1.3333,1.0002
1.3667,1.0001
1.4,1.0003
1.4333,1.0005
1.4667,1.0009
1.5,1.0004
1.5333,1.0006
1.5667,1.0003
1.6,1.0003
1.6333,1.0006
1.6667,1.0011
1.7,1.0004
1.7333,1.0007
1.7667,1.0006
1.8,1.0009
1.8333,1.0003
1.8667,1.0006
1.9,1.0008
1.9333,1.0009
1.9667,1.0011
2,1.0007
2.0333,1.0002
2.0667,1.0004
2.1,1.0003
2.1333,1.0013
2.1667,0.99948
2.2,0.99986
2.2333,0.9996
2.2667,0.9999
2.3,0.99944
2.3333,0.99926
2.3667,0.99925
2.4,0.99979
2.4333,0.9996
2.4667,0.9996
2.5,1.0001
2.5333,0.99974
2.5667,0.99971
2.6,1.0001
2.6333,0.99942
2.6667,0.99985
2.7,0.99989
2.7333,0.99958
2.7667,0.99971
2.8,0.99932
2.8333,0.99933
2.8667,0.99968
2.9,1.0006
2.9333,1.0011
2.9667,1.0002
3,1.0005
3.0333,1.0004
3.0667,0.99986
3.1,1.0003
3.1333,0.9999
3.1667,1.0006
3.2,1.0002
3.2333,1.0004
3.2667,1.0003
3.3,1.0005
3.3333,1.0002
3.3667,1.0005
3.4,1.0006
3.4333,1.0009
3.4667,0.99984
3.5,0.99929
3.5333,0.99965
3.5667,1.0003
3.6,0.99959
3.6333,1.0002
3.6667,0.99992
3.7,1.0003
3.7333,0.99934
3.7667,0.99983
3.8,0.99955
3.8333,1.0007
3.8667,1.0001
3.9,1.0003
3.9333,0.99959
3.9667,0.99976
4,0.99981
4.0333,1.0002
4.0667,0.99981
4.1,1.0001
4.1333,0.99931
4.1667,0.9997
4.2,0.99957
4.2333,0.99935
4.2667,0.99994
4.3,0.99988
4.3333,0.99981
4.3667,0.99942
4.4,1.0001
4.4333,0.9999
4.4667,0.99972
4.5,0.99981
4.5333,0.99973
4.5667,0.9993
4.6,0.99972
4.6333,0.99956
4.6667,0.99952
4.7,0.99947
4.7333,0.99965
4.7667,0.99923
4.8,1.0001
4.8333,0.99995
4.8667,0.99998
4.9,0.99998
4.9333,0.99976
4.9667,1.0003
5,0.99995
5.0333,0.99979
5.0667,1.0004
5.1,0.99993
5.1333,0.99982
5.1667,0.99991
5.2,0.99975
5.2333,0.99967
5.2667,1.0007
5.3,1.0005
5.3333,1.0003
5.3667,0.99982
5.4,0.99993
5.4333,1.0001
5.4667,1.0004
5.5,0.9998
5.5333,0.99951
5.5667,0.99976
5.6,1.0003
5.6333,1.0003
5.6667,1.0003
5.7,1.0001
5.7333,1.0002
5.7667,1
5.8,1.0004
5.8333,0.99979
5.8667,1.0003
5.9,0.99993
5.9333,1.0001
5.9667,1.0003
6,1.0005
6.0333,0.99986
6.0667,1.0005
6.1,1.0006
6.1333,1.0004
6.1667,1.0003
6.2,1.0003
6.2333,1.0003
6.2667,1.0004
6.3,1.0004
6.3333,1.0006
6.3667,1.0008
6.4,1.0005
6.4333,1.0003
6.4667,1.0005
6.5,1.0004
6.5333,1.0001
6.5667,1.0006
6.6,1.0004
6.6333,1.0004
6.6667,1.0005
6.7,1.0004
6.7333,1.0001
6.7667,1.0003
6.8,1.0003
6.8333,1.0002
6.8667,1.0008
6.9,1.0001
6.9333,0.99959
6.9667,0.99952
7,0.99939
7.0333,0.99967
7.0667,0.99965
7.1,1.0002
7.1333,0.99966
7.1667,0.99943
7.2,1.0002
7.2333,1.0001
7.2667,0.99966
7.3,0.9993
7.3333,0.9996
7.3667,0.99968
7.4,0.9998
7.4333,0.99965
7.4667,0.99985
7.5,0.99984
7.5333,0.99937
7.5667,0.99946
7.6,0.99952
7.6333,0.99958
7.6667,0.99973
7.7,0.99982
7.7333,0.99896
7.7667,0.99969
7.8,1.0002
7.8333,0.99952
7.8667,1.0001
7.9,0.99992
7.9333,0.99981
7.9667,0.99987
8,0.99938
8.0333,0.99979
8.0667,1.0003
8.1,0.99985
8.1333,0.99983
8.1667,0.99961
8.2,0.99981
8.2333,0.99988
8.2667,0.99994
8.3,0.99971
8.3333,0.99975
8.3667,1.0017
8.4,1.0005
8.4333,1.0018
8.4667,1.0012
8.5,1.0014
8.5333,1.0007
8.5667,1.001
8.6,1.0011
8.6333,1.0013
8.6667,1.0007
8.7,1.0013
8.7333,0.99897
8.7667,0.99933
8.8,0.9995
8.8333,0.99941
8.8667,0.99962
8.9,0.9996
8.9333,0.99913
8.9667,0.99939
9,0.99905
9.0333,0.99894
9.0667,0.99958
9.1,0.99931
9.1333,0.9993
9.1667,0.99957
9.2,0.99948
9.2333,0.99941
9.2667,0.99967
9.3,0.99958
9.3333,0.99938
9.3667,0.99912
9.4,0.99913
9.4333,0.99965
9.4667,0.99863
9.5,0.99908
9.5333,0.99854
9.5667,0.99938
9.6,0.99933
9.6333,0.99909
9.6667,0.99907
9.7,0.99839
9.7333,0.99925
9.7667,0.99847
9.8,0.99843
9.8333,0.99911
9.8667,0.99882
9.9,0.9992
9.9333,1.0006
9.9667,1.0006
10,1.0002
10.033,1.0005
10.067,1.0004
10.1,1.0006
10.133,1.0005
10.167,1.0006
10.2,1.0003
10.233,1.0003
10.267,1.0007
10.3,0.99978
10.333,1.0002
10.367,1
10.4,1.0003
10.433,1.0006
10.467,1.0006
10.5,1.0001
10.533,1.0002
10.567,1.0004
10.6,1.0003
10.633,1.0003
10.667,1.0003
10.7,0.99991
10.733,1.0001
10.767,0.99957
10.8,1.0005
10.833,0.99999
10.867,0.99983
10.9,1.0001
10.933,0.99977
10.967,1.0002
11,0.99952
11.033,1.0003
11.067,1
11.1,0.99898
11.133,0.99981
11.167,0.99929
11.2,0.99961
11.233,0.99973
11.267,0.9999
11.3,0.99961
11.333,1.0001
11.367,0.99955
11.4,0.99978
11.433,0.99987
11.467,0.99971
11.5,0.99993
11.533,0.99977
11.567,0.99946
11.6,0.99917
11.633,1.0002
11.667,0.99951
11.7,0.99971
11.733,1.0005
11.767,1.0004
11.8,1.0001
11.833,1.0002
11.867,1.0003
11.9,1.0007
11.933,1.0001
11.967,1.0005
12,1.0004
12.033,1.0003
12.067,1
12.1,1.0002
12.133,1.0003
12.167,0.9999
12.2,1.0004
12.233,1.0001
12.267,1.0003
12.3,1.0004
12.333,1.0001
12.367,1.0002
12.4,1.0004
12.433,0.99844
12.467,0.99925
12.5,0.99965
12.533,0.99923
12.567,0.99887
12.6,0.99908
12.633,0.99867
12.667,0.99949
12.7,0.99923
12.733,0.99918
12.767,0.99871
12.8,0.99905
12.833,0.9988
12.867,0.99887
12.9,0.9988
12.933,0.99867
12.967,0.9987
13,0.9989
13.033,0.99848
13.067,0.99913
13.1,0.99893
13.133,0.99916
13.167,0.99904
13.2,0.9991
13.233,0.99854
13.267,0.99867
13.3,0.99884
13.333,0.99899
13.367,0.99928
13.4,0.99975
13.433,1.0002
13.467,0.99997
13.5,1.0002
13.533,0.99987
13.567,0.99965
13.6,0.99942
13.633,0.99988
13.667,1.0001
13.7,0.99975
13.733,0.99968
13.767,0.99975
13.8,0.99953
13.833,0.9997
13.867,0.99978
13.9,0.99985
13.933,0.99982
13.967,1
14,0.99987
14.033,1.0003
14.067,0.99992
14.1,1.0015
14.133,1.0008
14.167,1.0012
14.2,1.0009
14.233,1.0012
14.267,1.0012
14.3,1.0004
14.333,1.0006
14.367,1.0006
14.4,1.0011
14.433,1.0014
14.467,1.0009
14.5,1.0013
14.533,1.0012
14.567,1.0007
14.6,1.0011
14.633,1.0008
14.667,1.0015
14.7,1.001
14.733,1.0015
14.767,1.0009
14.8,1.0005
14.833,1.0003
14.867,0.99976
14.9,1.0001
14.933,1.0005
14.967,1.0003
15,1
15.033,1.0002
15.067,1.0004
15.1,1.0001
15.133,1.0006
15.167,1.0002
15.2,1.0008
15.233,1
15.267,1.0004
15.3,0.9999
15.333,1.0001
15.367,1.0002
15.4,1.0004
15.433,1.0006
15.467,1.0004
15.5,0.99968
15.533,1
15.567,1
15.6,0.99982
15.633,0.99995
15.667,0.9999
15.7,0.99951
15.733,1
15.767,0.9996
15.8,0.99962
15.833,0.99984
15.867,0.9997
15.9,0.99975
15.933,0.99996
15.967,1.0001
16,0.99973
16.033,0.99988
16.067,0.99972
16.1,0.99985
16.133,0.99991
16.167,0.99961
16.2,0.99987
16.233,0.99996
16.267,0.99982
16.3,1.0003
16.333,0.99962
16.367,0.99958
16.4,0.99929
16.433,1
16.467,1
16.5,0.99993
16.533,1.0002
16.567,1
16.6,1
16.633,0.99999
16.667,1.0001
16.7,0.99998
16.733,1.0007
16.767,0.99962
16.8,0.99943
16.833,0.99963
16.867,0.99965
16.9,0.99983
16.933,0.99991
16.967,0.99989
17,1.0001
17.033,1.0001
17.067,1.0002
17.1,1.0005
17.133,1.0003
17.167,0.99959
17.2,0.99802
17.233,0.99894
17.267,0.99816
17.3,0.9987
17.333,0.99869
17.367,0.99931
17.4,0.99866
17.433,0.99854
17.467,0.99875
17.5,0.99875
17.533,0.9987
17.567,0.99851
17.6,0.99834
17.633,0.99877
17.667,0.9983
17.7,0.99839
17.733,0.99906
17.767,0.99856
17.8,0.99864
17.833,0.99894
17.867,0.9986
17.9,1.0009
17.933,1.0005
17.967,1.0009
18,1.0008
18.033,1.0005
18.067,1.0003
18.1,1.0003
18.133,1.0005
18.167,1.0005
18.2,1.0005
18.233,1.0009
18.267,1.0005
18.3,1.0009
18.333,1.0004
18.367,1.0009
18.4,1.0004
18.433,1.0006
18.467,1.0009
18.5,1.0005
18.533,1.0005
18.567,1.0011
18.6,1.0008
18.633,1.0004
18.667,1.0007
18.7,1.0004
18.733,1.0007
18.767,1.0009
18.8,1.0001
18.833,1.0008
18.867,1.001
18.9,1.0006
18.933,1.001
18.967,1.0006
19,1.0002
19.033,0.99992
19.067,1.0004
19.1,1.0007
19.133,1.0006
19.167,1.0007
19.2,1.0004
19.233,1.0006
19.267,1.0001
19.3,1.0003
19.333,0.99931
19.367,0.99968
19.4,0.99953
19.433,0.99921
19.467,0.99953
19.5,0.99934
19.533,0.99935
19.567,0.99978
19.6,0.99957
19.633,0.99965
19.667,0.99979
19.7,0.99959
19.733,0.99969
19.767,0.99973
19.8,0.99987
19.833,0.99967
19.867,0.99994
19.9,0.99954
19.933,0.99952
19.967,1
20,0.99939
20.033,1
20.067,1.0003
20.1,1
20.133,1.0004
20.167,1.0003
20.2,1.0001
20.233,0.99978
20.267,1.0002
20.3,0.99961
20.333,1.0001
20.367,1.0002
20.4,1.0001
20.433,1.0002
20.467,1.0006
20.5,1.0003
20.533,1.0001
20.567,1.0002
20.6,1.0001
20.633,0.99963
20.667,0.99988
20.7,1.0003
20.733,0.99999
20.767,1.0005
20.8,1
20.833,1.0003
20.867,1.0005
20.9,0.99994
20.933,1.0004
20.967,1.0003
21,1.0001
21.033,1.0003
21.067,0.99979
21.1,0.99973
21.133,1
21.167,1
21.2,1
21.233,0.99854
21.267,0.99911
21.3,0.99857
21.333,0.99905
21.367,0.99925
21.4,0.99902
21.433,0.99905
21.467,0.99892
21.5,0.9986
21.533,0.99901
21.567,0.99929
21.6,0.99952
21.633,0.9989
21.667,0.99856
21.7,0.99907
21.733,0.99913
21.767,0.99896
21.8,0.9987
21.833,0.9996
21.867,0.99836
21.9,0.99888
21.933,0.99865
21.967,0.99946
22,0.99973
22.033,0.99968
22.067,0.99944
22.1,0.99986
22.133,0.99982
22.167,0.99982
22.2,0.99952
22.233,0.99994
22.267,0.99983
22.3,1.0004
22.333,0.99994
22.367,0.99997
22.4,0.99965
22.433,0.99928
22.467,0.99954
22.5,0.99943
22.533,0.99948
22.567,0.9998
22.6,0.99948
22.633,0.99939
22.667,0.99952
22.7,0.99959
22.733,0.99976
22.767,0.99937
22.8,0.99973
22.833,0.99966
22.867,1
22.9,0.99958
22.933,0.99989
22.967,0.99959
23,0.99953
23.033,1
23.067,0.99985
23.1,1.0001
23.133,0.99967
23.167,1.0005
23.2,0.99996
23.233,1.0002
23.267,0.99986
23.3,0.99988
23.333,1.0001
23.367,1.0001
23.4,0.99961
23.433,0.99949
23.467,0.99961
23.5,0.99952
23.533,0.99994
23.567,0.99981
23.6,0.99982
23.633,0.99885
23.667,0.99945
23.7,0.99935
23.733,0.9992
23.767,0.99952
23.8,0.99898
23.833,0.99935
23.867,0.99933
23.9,0.99933
23.933,0.99902
23.967,0.99932
24,0.99908
24.033,0.99898
24.067,0.99889
24.1,0.99952
24.133,0.99899
24.167,0.99918
24.2,0.99889
24.233,0.99915
24.267,0.99832
24.3,0.99892
24.333,0.99883
24.367,0.99914
24.4,0.99937
24.433,0.99933
24.467,0.99998
24.5,0.99926
24.533,0.99936
24.567,0.99898
24.6,0.99929
24.633,0.99905
24.667,0.99943
24.7,0.99967
24.733,0.99954
24.767,0.99923
24.8,0.99897
24.833,0.99984
24.867,1
24.9,0.99946
24.933,0.99916
24.967,0.99978
25,0.99927
25.033,0.99931
25.067,0.99969
25.1,0.99905
25.133,0.99889
25.167,0.99956
25.2,0.99955
25.233,0.99947
25.267,0.99958
25.3,0.99975
25.333,0.99971
25.367,0.99928
25.4,1.0007
25.433,1.0005
25.467,1.0003
25.5,1.0001
25.533,1.0006
25.567,1.0004
25.6,1.0005
25.633,1.0002
25.667,1
25.7,1.0005
25.733,1.0004
25.767,1.0008
25.8,1.0007
25.833,1.0008
25.867,1.0002
25.9,1.0002
25.933,1.0001
25.967,1.0004
26,1.0011
26.033,1.0005
26.067,1.0001
26.1,1.0005
26.133,0.99996
26.167,0.99988
26.2,1.0005
26.233,1.0001
26.267,1.0004
26.3,1.0007
26.333,1.0004
26.367,1.0005
26.4,0.99983
26.433,1.0005
26.467,1.0009
26.5,1.0004
26.533,0.99985
26.567,1.0002
26.6,1.0001
26.633,1.0004
26.667,1.0003
26.7,1.0003
26.733,1.0001
26.767,1.0001
26.8,1.0001
26.833,1.0005
26.867,0.99971
26.9,1.0002
26.933,1.0003
26.967,1
27,1.0004
27.033,1.0002
27.067,0.99997
27.1,1.0003
27.133,1.0002
27.167,1.0001
27.2,1
27.233,1.0002
27.267,0.99971
27.3,1.0001
27.333,0.99954
27.367,0.99943
27.4,0.99988
27.433,0.99948
27.467,0.99985
27.5,0.99997
27.533,0.99965
27.567,0.99977
27.6,0.99987
27.633,0.99967
27.667,0.99985
27.7,0.99934
27.733,1
27.767,0.99941
27.8,0.99918
27.833,1.0001
27.867,0.99967
27.9,0.99982
27.933,0.99959
27.967,0.9994
28,0.99882
28.033,0.99987
28.067,0.99961
28.1,0.99964
28.133,0.99981
28.167,0.99929
28.2,0.99949
28.233,1
28.267,0.99986
28.3,0.99933
28.333,0.99813
28.367,0.99859
28.4,0.99881
28.433,0.99902
28.467,0.99878
28.5,0.99844
28.533,0.99884
28.567,0.99842
28.6,0.99848
28.633,0.99857
28.667,0.99841
28.7,0.99868
28.733,0.9985
28.767,0.99867
28.8,0.99862
28.833,0.99864
28.867,0.99861
28.9,1.001
28.933,1.0009
28.967,1.0007
29,1.0003
29.033,1.0002
29.067,1.0001
29.1,1.0014
29.133,1.001
29.167,1.0008
29.2,1.0004
29.233,1.0004
29.267,1.0009
29.3,1.0011
29.333,1.0002
29.367,1.0006
29.4,1.0007
29.433,1.0001
29.467,1.0009
29.5,1.0006
29.533,1.0012
29.567,0.99967
29.6,0.99989
29.633,0.99946
29.667,0.9996
29.7,0.99945
29.733,0.99989
29.767,1.0001
29.8,0.99961
29.833,0.9999
29.867,0.99964
29.9,0.99981
29.933,1.0001
29.967,0.99981
30,0.99949
30.033,0.99954
30.067,0.99973
30.1,0.99972
30.133,0.99927
30.167,0.99956
30.2,0.99987
30.233,0.99944
30.267,0.99945
30.3,0.99889
30.333,0.99929
30.367,0.99912
30.4,0.9994
30.433,0.99966
30.467,0.99994
30.5,1
30.533,0.99948
30.567,0.99942
30.6,0.99974
30.633,0.99965
30.667,0.99973
30.7,0.99973
30.733,0.99909
30.767,0.99966
30.8,0.99948
30.833,0.99935
30.867,0.99937
30.9,0.99993
30.933,0.99934
30.967,0.99922
31,0.99963
31.033,1.0001
31.067,0.99958
31.1,0.99966
31.133,0.9993
31.167,1
31.2,0.99961
31.233,0.99972
31.267,0.9993
31.3,0.99981
31.333,0.99968
31.367,0.99924
31.4,0.99958
31.433,0.99944
31.467,0.9996
31.5,0.9995
31.533,0.99984
31.567,0.9996
31.6,0.9998
31.633,1.0001
31.667,1.0004
31.7,0.99956
31.733,1.0006
31.767,1.0003
31.8,0.99994
31.833,0.99981
31.867,0.99969
31.9,1.0001
31.933,0.9997
31.967,0.99976
32,1.0001
32.033,1
32.067,1.0001
32.1,1
32.133,0.99978
32.167,0.99975
32.2,1.0001
32.233,0.9997
32.267,1.0002
32.3,1.0001
32.333,0.99997
32.367,0.99989
32.4,1
32.433,1.0009
32.467,0.99986
32.5,0.99945
32.533,1.0016
32.567,1.0013
32.6,1.0009
32.633,1.0018
32.667,1.0012
32.7,1.0012
32.733,1.0009
32.767,1.0008
32.8,1.0006
32.833,1.001
32.867,1.0008
32.9,1.0013
32.933,1.001
32.967,1.0016
33,1.0015
33.033,1.0011
33.067,1.001
33.1,1.001
33.133,1.0003
33.167,1.0008
33.2,1.0005
33.233,1.0005
33.267,1.0005
33.3,1.0008
33.333,1.0004
33.367,1.0004
33.4,1.0008
33.433,1.0005
33.467,1.0008
33.5,1.0006
33.533,1.0007
33.567,0.99993
33.6,1.0008
33.633,1.0012
33.667,1.0009
33.7,1.0009
33.733,1.0006
33.767,1.0007
33.8,1.0002
33.833,1.0002
33.867,0.9999
33.9,1
33.933,1.0001
33.967,1
34,1.0004
34.033,1.0009
34.067,0.99976
34.1,1.0002
34.133,0.99973
34.167,1.0005
34.2,1.0005
34.233,0.99967
34.267,1.0007
34.3,0.99983
34.333,1.0002
34.367,1.0004
34.4,1.0002
34.433,1.0008
34.467,1.0009
34.5,1.0002
34.533,0.9996
34.567,1
34.6,0.9999
34.633,0.99992
34.667,0.99982
34.7,1.0002
34.733,1.0007
34.767,0.99993
34.8,0.99976
34.833,1.0002
34.867,1.0002
34.9,0.99998
34.933,1.0001
34.967,1.0001
35,0.99973
35.033,0.99996
35.067,0.99976
35.1,0.99959
35.133,1
35.167,0.99986
35.2,0.99979
35.233,0.99992
35.267,1.0008
35.3,1.0007
35.333,1.0006
35.367,1.0006
35.4,1.0006
35.433,1.0003
35.467,1.0008
35.5,1.001
35.533,1.0004
35.567,1.0011
35.6,1.0005
35.633,1.0005
35.667,1.0003
35.7,1.0003
35.733,1.0003
35.767,1.0007
35.8,1.001
35.833,1.0007
35.867,1.0008
35.9,1.0009
35.933,0.99985
35.967,0.99986
36,1
36.033,1.0001
36.067,0.99954
36.1,0.99962
36.133,1.0001
36.167,0.99987
36.2,1.0001
36.233,0.99963
36.267,0.99944
36.3,1.0001
36.333,1.0002
36.367,1.0004
36.4,0.99947
36.433,0.99953
36.467,0.99949
36.5,0.99989
36.533,0.99973
36.567,1.0003
36.6,0.99949
36.633,0.99941
36.667,0.99996
36.7,1.0002
36.733,0.99968
36.767,0.99955
36.8,0.99986
36.833,0.99944
36.867,0.99991
36.9,1.0001
36.933,0.99997
36.967,0.99838
37,0.99877
37.033,0.99883
37.067,0.99943
37.1,0.99918
37.133,0.9989
37.167,0.99929
37.2,0.99862
37.233,0.99882
37.267,0.99932
37.3,0.99934
37.333,0.99913
37.367,0.99906
37.4,0.99875
37.433,0.99913
37.467,0.99869
37.5,0.99908
37.533,0.999
37.567,0.99924
37.6,0.9988
37.633,0.9991
37.667,0.99914
37.7,0.99924
37.733,0.99954
37.767,0.99994
37.8,0.99952
37.833,0.9994
37.867,0.99962
37.9,0.99941
37.933,0.99962
37.967,0.99945
38,0.99949
38.033,0.99962
38.067,0.99988
38.1,0.99962
38.133,0.99996
38.167,0.99892
38.2,0.99936
38.233,0.99956
38.267,0.99926
38.3,0.99913
38.333,0.99967
38.367,0.99966
38.4,0.99957
38.433,1.0003
38.467,0.99998
38.5,1.0001
38.533,1.0002
38.567,1
38.6,1.0003
38.633,1.0009
38.667,1.0001
38.7,1.0004
38.733,0.99993
38.767,1.0006
38.8,0.99995
38.833,1.0003
38.867,1
38.9,1.0004
38.933,1.0002
38.967,1.0002
39,1.0011
39.033,1
39.067,1.0002
39.1,1.001
39.133,0.9999
39.167,1.0005
39.2,1
39.233,1.0006
39.267,1.0004
39.3,1.0005
39.333,1.0002
39.367,1.0004
39.4,1.0007
39.433,0.99967
39.467,0.99985
39.5,1.0004
39.533,1.0001
39.567,1.0002
39.6,0.99989
39.633,0.99923
39.667,0.99937
39.7,0.99928
39.733,0.99924
39.767,0.99937
39.8,0.99922
39.833,0.99987
39.867,0.99921
39.9,1
39.933,0.99938
39.967,0.99908
40,0.99931
40.033,0.99975
40.067,0.99979
40.1,0.99953
40.133,0.99957
40.167,0.99967
40.2,0.99908
40.233,0.99932
40.267,0.99897
40.3,0.99936
40.333,0.99976
40.367,0.99969
40.4,1.0019
40.433,1.0013
40.467,1.0007
40.5,1.0018
40.533,1.0017
40.567,1.0011
40.6,1.0014
40.633,1.0015
40.667,1.0014
40.7,1.0015
40.733,1.0013
40.767,1.0013
40.8,1.0013
40.833,1.0011
40.867,1.0017
40.9,1.0013
40.933,1.0015
40.967,1.0011
41,1.001
41.033,1.0013
41.067,0.99979
41.1,1.0002
41.133,1
41.167,1
41.2,0.99945
41.233,0.99958
41.267,0.99991
41.3,0.99976
41.333,1.0002
41.367,1.0002
41.4,0.99969
41.433,1.0001
41.467,1.0003
41.5,0.99995
41.533,1.0003
41.567,1.0002
41.6,0.99992
41.633,1.0001
41.667,0.99991
41.7,0.99974
41.733,1.0003
41.767,1.0002
41.8,1.0001
41.833,1.0007
41.867,1.0003
41.9,1.001
41.933,1.0001
41.967,1.0004
42,1.0006
42.033,1.001
42.067,1.0003
42.1,0.99998
42.133,1.0004
42.167,0.99983
42.2,1.0001
42.233,1.0003
42.267,1.0006
42.3,1.0006
42.333,1.0002
42.367,1.0005
42.4,1.0001
42.433,1.0006
42.467,1.0009
42.5,1.0004
42.533,1.0003
42.567,1.0002
42.6,1.0006
42.633,1.0008
42.667,1.001
42.7,1.0004
42.733,1.0004
42.767,1.0002
42.8,1.0008
42.833,1.0004
42.867,1.0002
42.9,1.001
42.933,1.0006
42.967,1.0006
43,1.0001
43.033,1.0005
43.067,1.0005
43.1,1.0001
43.133,0.99981
43.167,0.99976
43.2,1
43.233,0.99959
43.267,1.0002
43.3,1.0004
43.333,0.99979
43.367,0.99987
43.4,1
43.433,1.0002
43.467,1
43.5,0.99998
43.533,0.99974
43.567,0.99981
43.6,1
43.633,1.0003
43.667,1
43.7,0.99953
43.733,0.99999
43.767,0.99985
43.8,0.9998
43.833,0.99981
43.867,0.99963
43.9,0.99979
43.933,0.99965
43.967,0.99977
44,0.99991
44.033,0.99992
44.067,0.99981
44.1,0.99983
44.133,0.99989
44.167,1
44.2,1.0002
44.233,1.0001
44.267,0.99979
44.3,1
44.333,0.99981
44.367,0.99937
44.4,0.99921
44.433,0.99939
44.467,0.99981
44.5,0.9997
44.533,0.99939
44.567,0.9996
44.6,0.99941
44.633,0.99941
44.667,0.99977
44.7,0.99981
44.733,1.0003
44.767,0.99968
44.8,0.99961
44.833,0.99943
44.867,0.99954
44.9,0.99958
44.933,0.9991
44.967,0.99952
45,0.99981
45.033,0.99943
45.067,0.99973
45.1,1.0008
45.133,1.0009
45.167,1.0008
45.2,0.99992
45.233,1.0004
45.267,1.0008
45.3,1.0007
45.333,1.0006
45.367,1.0007
45.4,1.0009
45.433,1.0006
45.467,1.0003
45.5,1.0005
45.533,1.0005
45.567,1.0008
45.6,1.0007
45.633,1.0007
45.667,1.0006
45.7,1.0005
45.733,1.0006
45.767,1.0002
45.8,0.99973
45.833,1.0002
45.867,1.0004
45.9,1.0001
45.933,1.0006
45.967,1.0003
46,1
46.033,1.0001
46.067,1
46.1,1.0002
46.133,1.0003
46.167,1
46.2,1.0003
46.233,1.0006
46.267,1.0004
46.3,1.0004
46.333,0.99989
46.367,0.99997
46.4,1.0002
46.433,1.0001
46.467,0.99862
46.5,0.99865
46.533,0.99937
46.567,0.99887
46.6,0.99967
46.633,0.99845
46.667,0.99921
46.7,0.99908
46.733,0.99887
46.767,0.99919
46.8,0.99886
46.833,0.99932
46.867,0.9991
46.9,0.99862
46.933,0.99839
46.967,0.999
47,0.9994
47.033,0.99913
47.067,0.9991
47.1,0.99927
47.133,0.99869
47.167,1.0012
47.2,1.0006
47.233,1.0008
47.267,1.0007
47.3,1.0008
47.333,1.0003
47.367,1.0012
47.4,1.001
47.433,1.0014
47.467,1.0012
47.5,1.0008
47.533,1.0005
47.567,1.0003
47.6,1.0008
47.633,1.0009
47.667,1.0011
47.7,1.0005
47.733,1.001
47.767,1.0008
47.8,1.0006
47.833,1.001
47.867,1.0002
47.9,1.0001
47.933,1.0007
47.967,1.0003
48,1.0001
48.033,1.0002
48.067,1.0002
48.1,1.0002
48.133,1.0003
48.167,0.99998
48.2,0.99992
48.233,1.0003
48.267,1.0007
48.3,1.0001
48.333,0.99986
48.367,1.0001
48.4,1
48.433,1.0001
48.467,1.0003
48.5,1.0001
48.533,0.99998
48.567,0.99962
48.6,0.99937
48.633,0.99951
48.667,0.99935
48.7,0.9996
48.733,0.99944
48.767,0.99955
48.8,0.99966
48.833,0.99941
48.867,0.99974
48.9,0.99985
48.933,0.99948
48.967,1.0001
49,0.9993
49.033,0.99967
49.067,0.99936
49.1,0.99968
49.133,0.9994
49.167,0.99962
49.2,0.99957
49.233,0.99944
49.267,0.99919
49.3,0.99994
49.333,1.0003
49.367,1.0004
49.4,0.99964
49.433,0.99977
49.467,0.99965
49.5,1.0001
49.533,0.99978
49.567,0.9995
49.6,1
49.633,0.9997
49.667,0.9995
49.7,1.0007
49.733,0.99998
49.767,1.0002
49.8,1.0004
49.833,0.99957
49.867,1.0002
49.9,1.0002
49.933,1.0001
49.967,1.0001
50,0.99989
50.033,1.0002
50.067,0.9998
50.1,0.99982
50.133,1.0002
50.167,1.0005
50.2,0.99993
50.233,0.99957
50.267,0.99983
50.3,1
50.333,0.99999
50.367,0.99979
50.4,0.99953
50.433,0.99989
50.467,0.99969
50.5,1.0001
50.533,0.99932
50.567,0.99975
50.6,1.0001
50.633,0.99957
50.667,0.99954
50.7,0.99945
50.733,0.99964
50.767,0.99966
50.8,0.99975
50.833,0.99946
50.867,0.99974
50.9,0.99954
50.933,0.99961
50.967,0.99948
51,0.99963
51.033,1.0007
51.067,1.0007
51.1,1
51.133,0.99994
51.167,0.99935
51.2,0.99955
51.233,0.99947
51.267,0.9998
51.3,0.99979
51.333,0.99968
51.367,0.99955
51.4,0.99939
51.433,0.99965
51.467,0.99997
51.5,0.99977
51.533,0.9997
51.567,0.99984
51.6,0.99981
51.633,0.99919
51.667,0.99965
51.7,0.99964
51.733,0.99918
51.767,0.99938
51.8,0.99967
51.833,0.99999
51.867,0.99969
51.9,0.99983
51.933,0.99951
51.967,0.99915
52,0.99979
52.033,0.99949
52.067,1.0001
52.1,1.0003
52.133,0.99965
52.167,1.0001
52.2,1
52.233,0.99936
52.267,0.99997
52.3,1.0001
52.333,1.0001
52.367,1.0002
52.4,1.0002
52.433,1.0002
52.467,0.99989
52.5,1.0001
52.533,0.99934
52.567,0.99965
52.6,1.0003
52.633,0.99979
52.667,1.0001
52.7,1.0004
52.733,0.99973
52.767,0.99971
52.8,0.99984
52.833,1.0001
52.867,0.99992
52.9,0.9997
52.933,0.99867
52.967,0.99901
53,0.99905
53.033,0.99896
53.067,0.99904
53.1,0.9988
53.133,0.99927
53.167,0.9985
53.2,0.99915
53.233,0.9993
53.267,0.99887
53.3,0.99909
53.333,0.99919
53.367,0.99894
53.4,0.99911
53.433,0.99923
53.467,0.99885
53.5,0.99935
53.533,0.99942
53.567,0.9992
53.6,0.99912
53.633,0.99901
53.667,0.99948
53.7,0.999
53.733,0.99979
53.767,0.99949
53.8,0.99942
53.833,0.99923
53.867,0.99873
53.9,0.999
53.933,0.99944
53.967,1
54,0.99955
54.033,0.99943
54.067,0.99919
54.1,0.99938
54.133,0.99961
54.167,0.99927
54.2,0.99988
54.233,0.999
54.267,0.99923
54.3,0.99936
54.333,0.99834
54.367,0.99905
54.4,0.99892
54.433,0.99892
54.467,0.99912
54.5,0.99919
54.533,0.99912
54.567,0.99876
54.6,0.99888
54.633,0.99899
54.667,0.99854
54.7,0.9986
54.733,0.99877
54.767,0.99892
54.8,0.9994
54.833,0.99912
54.867,0.99877
54.9,0.99872
54.933,0.99933
54.967,0.99967
55,0.99894
55.033,0.99876
55.067,0.9985
55.1,1.0008
55.133,1.0006
55.167,1.0009
55.2,1.0003
55.233,1.0006
55.267,1.0004
55.3,1.0009
55.333,1.0004
55.367,1.0005
55.4,1.0005
55.433,1.0008
55.467,1.0007
55.5,1.0003
55.533,1.0004
55.567,1.0003
55.6,1.0007
55.633,1.0006
55.667,1.0001
55.7,1
55.733,1.0005
55.767,1.0007
55.8,1.0001
55.833,0.99966
55.867,0.99966
55.9,1.0003
55.933,1.0001
55.967,0.99999
56,1.0005
56.033,0.99987
56.067,1.0001
56.1,1.0002
56.133,1.0003
56.167,0.99985
56.2,1.0002
56.233,1.0009
56.267,0.99967
56.3,1.0002
56.333,1
56.367,0.99986
56.4,0.99986
56.433,1.0002
56.467,1.0007
56.5,0.99933
56.533,0.9997
56.567,0.99939
56.6,1.0001
56.633,0.9997
56.667,0.99951
56.7,0.99973
56.733,0.99955
56.767,0.99986
56.8,0.9995
56.833,0.99923
56.867,0.99962
56.9,0.99999
56.933,0.99921
56.967,0.99948
57,0.99984
57.033,0.99901
57.067,0.99973
57.1,0.99976
57.133,0.99961
57.167,0.99933
57.2,0.99955
57.233,1.0001
57.267,1.0003
57.3,1.0002
57.333,0.99995
57.367,1.0005
57.4,1
57.433,0.99982
57.467,0.99993
57.5,1.0003
57.533,1.0001
57.567,1.0003
57.6,1.0001
57.633,1.0008
57.667,0.99958
57.7,0.99993
57.733,1
57.767,1.0001
57.8,1.0005
57.833,1.0001
57.867,1
57.9,1.0001
57.933,1.0006
57.967,1.0002
58,1.0006
58.033,0.99998
58.067,1.0004
58.1,1.0002
58.133,1.0002
58.167,1.0005
58.2,1.0001
58.233,1.0001
58.267,1
58.3,0.99979
58.333,1.0004
58.367,1.0008
58.4,0.99985
58.433,0.99983
58.467,0.9996
58.5,1.0003
58.533,0.99983
58.567,1.0003
58.6,1
58.633,0.99982
58.667,1.0002
58.7,1.0002
58.733,0.99987
58.767,1.0003
58.8,1.0004
58.833,0.99988
58.867,0.99982
58.9,1
58.933,1
58.967,1.0001
59,0.99982
59.033,1.0001
59.067,1.0002
59.1,1.0002
59.133,1.0001
59.167,0.99975
59.2,0.99977
59.233,0.99969
59.267,0.99975
59.3,1.0001
59.333,0.99964
59.367,1.0007
59.4,1.0003
59.433,0.99952
59.467,0.99977
59.5,1.0001
59.533,0.99962
59.567,0.99961
59.6,1
59.633,0.99969
59.667,0.99972
59.7,0.99946
59.733,0.99958
59.767,0.99936
59.8,0.99984
59.833,0.99961
59.867,0.99996
59.9,1.0001
59.933,1
59.967,0.99973
60,0.9996
60.033,0.99939
60.067,0.99977
60.1,1
60.133,0.99964
60.167,0.99969
60.2,0.99991
60.233,0.99998
60.267,0.9988
60.3,0.99926
60.333,0.99925
60.367,0.99916
60.4,0.99945
60.433,0.9991
60.467,0.99896
60.5,0.99928
60.533,0.99933
60.567,0.99914
60.6,0.99942
60.633,0.99877
60.667,0.99889
60.7,0.99833
60.733,0.99935
60.767,0.99892
60.8,0.99913
60.833,0.99948
60.867,0.99921
60.9,0.99907
60.933,0.99896
60.967,0.99913
61,0.99937
61.033,0.99871
61.067,0.99912
61.1,0.99936
61.133,0.99874
61.167,0.99933
61.2,0.99934
61.233,0.99889
61.267,0.99872
61.3,0.99926
61.333,0.99937
61.367,0.99931
61.4,0.99936
61.433,0.99881
61.467,0.99931
61.5,0.99898
61.533,0.99898
61.567,0.9987
61.6,0.99945
61.633,0.99919
61.667,0.99943
61.7,0.99957
61.733,0.99903
61.767,0.99954
61.8,0.99935
61.833,0.99961
61.867,0.99967
61.9,0.99959
61.933,0.99913
61.967,0.99932
62,0.99943
62.033,1.0002
62.067,0.9997
62.1,1
62.133,0.99947
62.167,0.99942
62.2,1.0005
62.233,1.0002
62.267,1.0007
62.3,1.0003
62.333,0.99996
62.367,1.0006
62.4,0.9999
62.433,0.99982
62.467,1.0004
62.5,1.0001
62.533,1.0001
62.567,1.0003
62.6,1.0002
62.633,1.0003
62.667,1.0002
62.7,0.99982
62.733,0.99981
62.767,0.99956
62.8,1
62.833,1.0003
62.867,0.99995
62.9,1.0003
62.933,1.0003
62.967,1.0004
63,1.0004
63.033,0.99996
63.067,0.99991
63.1,1.0002
63.133,0.99944
63.167,1
63.2,1
63.233,0.99965
63.267,0.9995
63.3,0.99977
63.333,0.99944
63.367,0.99959
63.4,0.99947
63.433,0.99965
63.467,0.99994
63.5,0.99983
63.533,0.99995
63.567,0.99937
63.6,0.99967
63.633,0.99935
63.667,0.99973
63.7,0.99972
63.733,0.99999
63.767,0.99993
63.8,0.99981
63.833,0.99957
63.867,0.99958
63.9,0.99913
63.933,0.99959
63.967,0.99928
64,0.99998
64.033,0.99997
64.067,0.99975
64.1,0.99961
64.133,0.99976
64.167,1.0002
64.2,1.0001
64.233,0.99959
64.267,0.99976
64.3,0.99905
64.333,0.99948
64.367,0.99958
64.4,0.99962
64.433,0.99893
64.467,0.99951
64.5,0.99912
64.533,0.99926
64.567,0.99959
64.6,0.99945
64.633,0.99932
64.667,0.99954
64.7,0.99983
64.733,0.99919
64.767,0.99898
64.8,0.99904
64.833,0.9991
64.867,0.99943
64.9,0.99978
64.933,0.99903
64.967,0.99969
65,0.9994
65.033,0.99993
65.067,0.99938
65.1,0.99962
65.133,0.99935
65.167,0.99943
65.2,0.99955
65.233,0.99956
65.267,0.99947
65.3,0.99994
65.333,0.99978
65.367,1.0001
65.4,0.99954
65.433,0.99992
65.467,0.99903
65.5,0.9998
65.533,0.99972
65.567,0.99951
65.6,1.0006
65.633,1.0006
65.667,1.0007
65.7,1.0005
65.733,1.0006
65.767,1.0002
65.8,1.0001
65.833,1.0003
65.867,1.0004
65.9,1.0007
65.933,1.0002
65.967,1.0003
66,1.0012
66.033,1.0002
66.067,1.0009
66.1,1.0007
66.133,1.0002
66.167,0.99991
66.2,0.99988
66.233,1.0001
66.267,1.0003
66.3,0.99948
66.333,1.0005
66.367,1.0002
66.4,0.99978
66.433,0.9999
66.467,1
66.5,1
66.533,1.0003
66.567,1.0002
66.6,0.99984
66.633,0.9999
66.667,1.0001
66.7,0.99997
66.733,1.0003
66.767,0.99975
66.8,1.0001
66.833,1
66.867,1.0003
66.9,0.99956
66.933,0.99994
66.967,0.99995
67,0.99928
67.033,1.0003
67.067,1.0007
67.1,0.99987
67.133,1
67.167,0.99961
67.2,0.99985
67.233,0.99963
67.267,0.99971
67.3,1.0002
67.333,0.9995
67.367,0.99957
67.4,0.99972
67.433,0.9997
67.467,1.0001
67.5,1.0003
67.533,0.99946
67.567,0.99956
67.6,0.99988
67.633,0.99963
67.667,1.0003
67.7,1.0002
67.733,0.9999
67.767,0.9999
67.8,0.99964
67.833,0.99995
67.867,1.001
67.9,1.0007
67.933,1.0012
67.967,1.0008
68,1.0006
68.033,1.0007
68.067,1.0009
68.1,1.0005
68.133,1.0006
68.167,1.0013
68.2,1.0005
68.233,1.0009
68.267,1.0009
68.3,1.0011
68.333,1.0008
68.367,0.99994
68.4,1.0004
68.433,1.0008
68.467,1.0007
68.5,1.0012
68.533,1.001
68.567,1.0008
68.6,1.0007
68.633,1.0002
68.667,1.0012
68.7,1.0007
68.733,1.0002
68.767,1.0008
68.8,1.0007
68.833,0.99952
68.867,0.99982
68.9,0.99948
68.933,0.9993
68.967,0.99918
69,0.99957
69.033,0.9995
69.067,0.9998
69.1,0.99925
69.133,0.99962
69.167,0.99925
69.2,1.0015
69.233,1.001
69.267,1.0014
69.3,1.0012
69.333,1.0013
69.367,1.0007
69.4,1.0014
69.433,1.0014
69.467,1.0004
69.5,1.001
69.533,1.0008
69.567,1.0011
69.6,1.0008
69.633,1.0011
69.667,1.0012
69.7,1.0011
69.733,1.001
69.767,1.0007
69.8,1.001
69.833,1.0009
69.867,1.0007
69.9,1.001
69.933,0.99982
69.967,0.99994
70,1.0002
70.033,1
70.067,1.0003
70.1,0.99968
70.133,0.99964
70.167,0.99985
70.2,1.0003
70.233,1.0003
70.267,0.99985
70.3,0.99971
70.333,0.99945
70.367,1.0001
70.4,0.99989
70.433,0.99955
70.467,0.99979
70.5,0.99936
70.533,1
70.567,0.99983
70.6,1.0003
70.633,0.9995
70.667,1.0008
70.7,1.0006
70.733,1.0006
70.767,1.0008
70.8,1.0009
70.833,1.0002
70.867,1.0009
70.9,1.0002
70.933,1.0002
70.967,1.0004
71,1.0008
71.033,1.0002
71.067,1.0006
71.1,1.0007
71.133,1.0006
71.167,1.0007
71.2,1.0002
71.233,1.0008
71.267,1.0006
71.3,1.0008
71.333,1.0003
71.367,1.0006
71.4,1.0007
71.433,1.0008
71.467,1.0005
71.5,0.99997
71.533,1.0002
71.567,1.0006
71.6,1.0007
71.633,1.0006
71.667,1.0003
71.7,1.0011
71.733,1.0005
71.767,1.0007
71.8,1.0004
71.833,1.0002
71.867,1.0006
71.9,1.0007
71.933,1.0009
71.967,1.0002
72,0.99993
72.033,1.0008
72.067,1.0005
72.1,1.0001
72.133,1.0002
72.167,1.0002
72.2,1.0007
72.233,1.0006
72.267,1.0005
72.3,1.0005
72.333,1.0002
72.367,1.0007
72.4,1.0005
72.433,1.0003
72.467,1.0003
72.5,1.0004
72.533,1.0001
72.567,1.0006
72.6,1.0012
72.633,1.0015
72.667,1.0009
72.7,1.0006
72.733,1.0008
72.767,1.0005
72.8,1.0006
72.833,1.0006
72.867,1.0006
72.9,1.0009
72.933,1.0005
72.967,1.001
73,1.001
73.033,1.0011
73.067,0.99998
73.1,1.0002
73.133,1.0005
73.167,1
73.2,0.99994
73.233,1.0005
73.267,0.99928
73.3,0.99986
73.333,1.0007
73.367,0.99986
73.4,0.99983
73.433,0.99964
73.467,1.0002
73.5,0.99939
73.533,0.99976
73.567,1.0001
73.6,0.99999
73.633,1.0002
73.667,1
73.7,1.0002
73.733,0.99962
73.767,1.0001
73.8,0.99955
73.833,1.0007
73.867,1.0004
73.9,1.0006
73.933,1.0003
73.967,1.0005
74,1.0007
74.033,0.99988
74.067,0.99992
74.1,0.99993
74.133,1.0007
74.167,1.0006
74.2,1.0002
74.233,1.0009
74.267,1.0005
74.3,0.99865
74.333,0.99881
74.367,0.99871
74.4,0.99937
74.433,0.99893
74.467,0.99877
74.5,0.99894
74.533,0.99887
74.567,0.99934
74.6,0.99924
74.633,0.99919
74.667,0.99922
74.7,0.99911
74.733,0.99883
74.767,0.99926
74.8,0.99887
74.833,0.9988
74.867,0.99909
74.9,0.99964
74.933,0.99967
74.967,0.9989
75,0.99935
75.033,0.99946
75.067,0.99922
75.1,0.99961
75.133,0.99946
75.167,0.99935
75.2,0.99923
75.233,0.99958
75.267,0.99963
75.3,0.99952
75.333,0.99932
75.367,0.99965
75.4,0.99914
75.433,0.99943
75.467,0.99979
75.5,0.99934
75.533,0.99915
75.567,0.99994
75.6,0.99932
75.633,0.99952
75.667,0.99917
75.7,0.99947
75.733,0.99952
75.767,0.99939
75.8,0.99948
75.833,1.001
75.867,1.0003
75.9,1.0007
75.933,1.0001
75.967,1.0007
76,1.0012
76.033,1.0009
76.067,1.0007
76.1,1.0006
76.133,1.0008
76.167,1.001
76.2,1.0007
76.233,1.0011
76.267,1.0005
76.3,1.0001
76.333,1.0005
76.367,1.0006
76.4,1.0006
76.433,1.0004
76.467,1.0011
76.5,1.0002
76.533,0.99958
76.567,0.99945
76.6,0.99959
76.633,0.99953
76.667,0.99986
76.7,0.99943
76.733,0.99949
76.767,0.99975
76.8,1
76.833,0.9992
76.867,1.0002
76.9,0.99947
76.933,0.9999
76.967,1
77,1.0001
77.033,0.99958
77.067,0.99973
77.1,0.99968
77.133,0.99955
77.167,0.9998
77.2,1.0003
77.233,1.0001
77.267,1.0002
77.3,1.001
77.333,1.0002
77.367,1.0004
77.4,1.0001
77.433,1.0001
77.467,1.0001
77.5,1.0004
77.533,0.99998
77.567,0.99968
77.6,1.0002
77.633,1.0001
77.667,1.0003
77.7,1.0002
77.733,1.0004
77.767,1.0005
77.8,0.99983
77.833,0.99977
77.867,1.0004
77.9,1.0004
77.933,1
77.967,1.0006
78,1.0003
78.033,1.0003
78.067,1.0004
78.1,1.0005
78.133,1.0007
78.167,1.0002
78.2,0.99979
78.233,1.0009
78.267,1.0003
78.3,1.0009
78.333,1.0004
78.367,1.001
78.4,1.0003
78.433,1.0003
78.467,1.0008
78.5,1.0002
78.533,1.0008
78.567,1.0007
78.6,1.0005
78.633,1.0005
78.667,1.0012
78.7,1.0005
78.733,1.0005
78.767,1.0003
78.8,1.0003
78.833,1.0004
78.867,1.0011
78.9,1.0005
78.933,1.0004
78.967,1.0004
79,1.0008
79.033,1.0002
79.067,1.0008
79.1,1.0002
79.133,1.0005
79.167,1.0001
79.2,1.0007
79.233,1.0006
79.267,1.0002
79.3,1.0005
79.333,1.0004
79.367,1.0007
79.4,1.0004
79.433,1.0007
79.467,1.0004
79.5,1.0002
79.533,1.0004
79.567,1.0003
79.6,1.0006
79.633,1.0004
79.667,1.0002
79.7,0.99987
79.733,1.0002
79.767,0.9998
79.8,0.99973
79.833,1.0002
79.867,0.99994
79.9,0.99981
79.933,0.9997
79.967,0.99949
80,0.99996
80.033,0.99982
80.067,1
80.1,0.9995
80.133,1.0003
80.167,1
80.2,0.99947
80.233,1.0002
80.267,0.99975
80.3,1
80.333,0.99997
80.367,0.99966
80.4,0.9991
80.433,1.0001
80.467,0.99982
80.5,0.99974
80.533,1
80.567,0.99972
80.6,1.0001
80.633,0.99995
80.667,0.99916
80.7,0.99968
80.733,0.99957
80.767,0.99979
80.8,0.99919
80.833,0.99919
80.867,0.99953
80.9,0.99963
80.933,0.99967
80.967,0.99944
81,0.99937
81.033,0.99962
81.067,0.99999
81.1,0.99969
81.133,0.99946
81.167,0.99928
81.2,0.99958
81.233,0.9993
81.267,0.99951
81.3,0.99966
81.333,0.9997
81.367,1.0005
81.4,1.0007
81.433,1.0009
81.467,0.9998
81.5,0.99983
81.533,1.0001
81.567,0.99977
81.6,1.0002
81.633,1.0002
81.667,1.0004
81.7,1.0004
81.733,1.0001
81.767,1.0001
81.8,1.0006
81.833,1.0002
81.867,0.99995
81.9,1.0003
81.933,1.0004
81.967,1.0002
82,1.0005
82.033,1.0004
82.067,1.0003
82.1,1.0003
82.133,1.0004
82.167,1.0001
82.2,0.99996
82.233,1.0002
82.267,1.0003
82.3,1.0004
82.333,1.0002
82.367,1.0001
82.4,1.0004
82.433,1.0002
82.467,1.0005
82.5,1.0002
82.533,1.0003
82.567,1.0002
82.6,1
82.633,1
82.667,0.99999
82.7,1.0008
82.733,1.0002
82.767,1.0005
82.8,1.0004
82.833,1.0008
82.867,1.0005
82.9,0.99896
82.933,0.99921
82.967,0.99956
83,0.99939
83.033,0.99995
83.067,0.99929
83.1,0.99887
83.133,0.99943
83.167,0.99905
83.2,0.99932
83.233,0.99961
83.267,0.99939
83.3,0.99939
83.333,0.99925
83.367,0.99926
83.4,0.99928
83.433,0.99851
83.467,0.99942
83.5,0.99959
83.533,0.99894
83.567,0.99888
83.6,0.99948
83.633,0.99872
83.667,0.99867
83.7,0.99937
83.733,0.99896
83.767,0.9995
83.8,0.99878
83.833,0.99897
83.867,0.99922
83.9,0.9993
83.933,0.99928
83.967,0.9992
84,0.99908
84.033,0.99898
84.067,0.99928
84.1,0.99904
84.133,0.99927
84.167,0.99945
84.2,0.99851
84.233,0.99966
84.267,0.99897
84.3,0.99952
84.333,1.0013
84.367,1.0005
84.4,1.0009
84.433,1.0019
84.467,1.0008
84.5,1.001
84.533,1.001
84.567,1.0012
84.6,1.0012
84.633,1.0006
84.667,1.0008
84.7,1.001
84.733,1.0009
84.767,1.0016
84.8,1.001
84.833,1.001
84.867,1.0006
84.9,1.0005
84.933,1.0011
84.967,1.0008
85,1.0011
85.033,1.0006
85.067,1.0008
85.1,0.99999
85.133,1.0009
85.167,1.0007
85.2,1.0005
85.233,1.0002
85.267,1.0004
85.3,1.0006
85.333,1.0008
85.367,1.0002
85.4,1.0009
85.433,1.0013
85.467,1.0004
85.5,1.0006
85.533,0.99944
85.567,0.99914
85.6,1
85.633,0.99982
85.667,0.99948
85.7,0.99966
85.733,0.99956
85.767,0.99921
85.8,0.99881
85.833,0.99961
85.867,0.9995
85.9,0.99951
85.933,0.99943
85.967,0.99916
86,0.99953
86.033,0.99972
86.067,0.99937
86.1,0.9998
86.133,0.9996
86.167,0.99965
86.2,0.99927
86.233,0.99946
86.267,0.99979
86.3,0.99945
86.333,0.99972
86.367,1.0002
86.4,0.9999
86.433,0.99997
86.467,1.0003
86.5,1
86.533,0.99979
86.567,1.0002
86.6,0.99923
86.633,0.9993
86.667,1.0001
86.7,0.99962
86.733,0.99948
86.767,0.99962
86.8,0.99941
86.833,0.99941
86.867,0.99938
86.9,0.99933
86.933,0.99922
86.967,0.99947
87,0.99933
87.033,0.9999
87.067,1.0002
87.1,1.0004
87.133,1.0001
87.167,1.0001
87.2,1.0005
87.233,1.0005
87.267,1.0001
87.3,1.0006
87.333,1.0003
87.367,1.0002
87.4,1.0008
87.433,1.0006
87.467,1.0004
87.5,1.0002
87.533,0.99998
87.567,1.0001
87.6,1.0006
87.633,0.99956
87.667,0.99995
87.7,1.0001
87.733,1.0002
87.767,0.99849
87.8,0.99914
87.833,0.9992
87.867,0.99873
87.9,0.99892
87.933,0.99865
87.967,0.99945
88,0.9991
88.033,0.99892
88.067,0.99873
88.1,0.99902
88.133,0.99947
88.167,0.99907
88.2,0.99909
88.233,0.99898
88.267,0.99937
88.3,0.99954
88.333,0.99893
88.367,0.99964
88.4,1
88.433,0.99888
88.467,0.99874
88.5,0.9993
88.533,0.99953
88.567,0.9993
88.6,0.99987
88.633,0.99991
88.667,0.99961
88.7,0.99945
88.733,1.0004
88.767,0.99999
88.8,0.99957
88.833,1.0002
88.867,0.99954
88.9,0.99988
88.933,1.0001
88.967,0.99967
89,0.99981
89.033,0.99992
89.067,1.0005
89.1,1
89.133,0.9998
89.167,0.99985
89.2,0.99983
89.233,1.0003
89.267,0.99983
89.3,0.99933
89.333,0.99962
89.367,0.99953
89.4,0.99978
89.433,0.99982
89.467,0.99986
89.5,0.99974
89.533,0.99973
89.567,1.0001
89.6,0.99922
89.633,0.99945
89.667,0.99907
89.7,0.99981
89.733,0.99956
89.767,0.99947
89.8,0.99907
89.833,0.9996
89.867,0.99948
89.9,0.99917
89.933,0.99922
89.967,0.99934
90,0.99948
90.033,0.9986
90.067,0.99902
90.1,0.99924
90.133,0.99896
90.167,0.99887
90.2,0.99915
90.233,0.99938
90.267,0.99894
90.3,0.99894
90.333,0.99866
90.367,0.99879
90.4,0.99924
90.433,0.99904
90.467,0.99928
90.5,0.99926
90.533,0.99917
90.567,0.99928
90.6,0.9995
90.633,0.99923
90.667,0.99919
90.7,0.99996
90.733,0.99962
90.767,0.99983
90.8,1.0001
90.833,0.99966
90.867,1.0001
90.9,1.0001
90.933,1
90.967,1.0001
91,0.99998
91.033,0.99997
91.067,0.99997
91.1,1.0002
91.133,0.99995
91.167,0.99923
91.2,0.99984
91.233,1
91.267,1.0002
91.3,1.0004
91.333,0.99971
91.367,1.0002
91.4,1
91.433,0.99982
91.467,0.99989
91.5,0.99987
91.533,0.99992
91.567,0.99995
91.6,0.99969
91.633,0.99959
91.667,1.0002
91.7,0.99982
91.733,1.0003
91.767,0.99962
91.8,0.99971
91.833,1.0003
91.867,1.0003
91.9,0.99959
91.933,0.99994
91.967,1.0003
92,1.0011
92.033,1.0004
92.067,1.0012
92.1,1.0009
92.133,1.0008
92.167,1.0007
92.2,1.0005
92.233,1.0008
92.267,1.0007
92.3,1.0014
92.333,1.0008
92.367,1.0007
92.4,1.0008
92.433,1.0006
92.467,1.0013
92.5,1.0009
92.533,1.0008
92.567,1.0011
92.6,1.0007
92.633,1.0007
92.667,1.0006
92.7,1.0006
92.733,1.0012
92.767,1.001
92.8,1.0008
92.833,1.0012
92.867,1.0008
92.9,1.0008
92.933,1.0004
92.967,1.0009
93,0.99877
93.033,0.9989
93.067,0.99945
93.1,0.99928
93.133,0.99893
93.167,0.99907
93.2,0.99925
93.233,0.99924
93.267,0.9987
93.3,0.99884
93.333,0.99868
93.367,0.99916
93.4,0.99869
93.433,0.99938
93.467,0.9989
93.5,0.99887
93.533,0.99969
93.567,0.99979
93.6,0.99895
93.633,0.99917
93.667,0.99974
93.7,0.99954
93.733,1.0002
93.767,0.99993
93.8,0.99971
93.833,0.99959
93.867,1.0002
93.9,0.9999
93.933,0.99952
93.967,0.99981
94,0.99945
94.033,0.99974
94.067,1.0001
94.1,0.99984
94.133,0.99948
94.167,0.99979
94.2,0.9995
94.233,1.0003
94.267,0.99919
94.3,0.99951
94.333,0.99991
94.367,0.9993
94.4,0.99954
94.433,0.99972
94.467,0.99989
94.5,0.99927
94.533,0.99949
94.567,0.9994
94.6,0.9995
94.633,0.99964
94.667,0.99936
94.7,0.99976
94.733,0.99966
94.767,0.9994
94.8,0.99961
94.833,1.0008
94.867,1.0008
94.9,1.0007
94.933,1.0005
94.967,1.0004
95,1.0006
95.033,1.0004
95.067,1.0005
95.1,1.0008
95.133,1.001
95.167,1.0007
95.2,1.0017
95.233,1.0007
95.267,1.0012
95.3,1.0012
95.333,1.0016
95.367,1.0013
95.4,1.0011
95.433,1.0013
95.467,1.0013
95.5,1.0012
95.533,1.0006
95.567,1.0015
95.6,1.0002
95.633,1.0012
95.667,0.99868
95.7,0.99902
95.733,0.99952
95.767,0.99898
95.8,0.99966
95.833,0.99934
95.867,0.99905
95.9,0.99887
95.933,0.99898
95.967,0.99923
96,0.99845
96.033,0.9993
96.067,0.9992
96.1,0.99935
96.133,0.9997
96.167,0.99903
96.2,0.99885
96.233,0.99946
96.267,0.99938
96.3,0.99908
96.333,0.99895
96.367,0.99919
96.4,0.99904
96.433,0.99938
96.467,0.99918
96.5,0.99913
96.533,0.99964
96.567,0.99937
96.6,0.99974
96.633,0.99905
96.667,0.99943
96.7,0.99906
96.733,0.99954
96.767,0.99973
96.8,0.99965
96.833,0.99876
96.867,1.0006
96.9,1.0004
96.933,1.0005
96.967,1.0002
97,0.99992
97.033,1.0006
97.067,1.0002
97.1,1.0003
97.133,1.0004
97.167,1.0011
97.2,1.001
97.233,1
97.267,1.0003
97.3,1.0007
97.333,0.9998
97.367,1.0007
97.4,1.0003
97.433,1.0008
97.467,1.0001
97.5,1.0001
97.533,1.001
97.567,1.0006
97.6,0.99974
97.633,0.99953
97.667,1.0001
97.7,0.99992
97.733,0.99918
97.767,0.99957
97.8,1.0007
97.833,0.99982
97.867,0.99926
97.9,0.99957
97.933,0.99971
97.967,1
98,0.99978
98.033,0.99985
98.067,0.99982
98.1,0.99955
98.133,1.0002
98.167,0.99972
98.2,0.99969
98.233,0.99988
98.267,0.99981
98.3,0.99956
98.333,0.99974
98.367,1.0003
98.4,0.99986
98.433,0.99952
98.467,0.99946
98.5,0.99964
98.533,0.99926
98.567,1.0002
98.6,0.99976
98.633,0.99938
98.667,0.99974
98.7,0.9993
98.733,0.99987
98.767,0.99965
98.8,0.99972
98.833,0.99981
98.867,0.99995
98.9,0.99948
98.933,0.99929
98.967,0.99968
99,0.9993
99.033,0.99966
99.067,0.99901
99.1,0.99978
99.133,0.99962
99.167,0.99922
99.2,0.99944
99.233,0.99977
99.267,1.0002
99.3,0.99944
99.333,0.99992
99.367,0.99929
99.4,0.99959
99.433,0.99948
99.467,0.99963
99.5,0.99939
99.533,0.99913
99.567,0.99946
99.6,0.99966
99.633,0.99939
99.667,0.99948
99.7,0.99965
99.733,1.0005
99.767,1.0001
99.8,1.0002
99.833,1.0006
99.867,1.0004
99.9,0.99992
99.933,1.0007
99.967,1.0001
100,1.0001
100.03,0.9999
100.07,1.0003
100.1,1.0003
100.13,1.0002
100.17,1.0001
100.2,0.99983
100.23,1.0012
100.27,1.0007
100.3,1.0002
100.33,1.0003
100.37,1.0004
100.4,1.0003
100.43,1.0001
100.47,1.0008
100.5,1.0002
100.53,1.0011
100.57,1
100.6,1.0004
100.63,1.0008
100.67,1.0006
100.7,1.0001
100.73,1.0008
100.77,1.0006
100.8,1.0003
100.83,1.0006
100.87,1.0007
100.9,1.0011
100.93,1.0005
100.97,1.0004
101,1.0004
101.03,0.99998
101.07,1.0007
101.1,0.99995
101.13,1.0005
101.17,1.0005
101.2,1.0007
101.23,0.99969
101.27,1.0007
101.3,1.0003
101.33,1.0001
101.37,1.0005
101.4,1.0005
101.43,1.0004
101.47,1.0001
101.5,1.0008
101.53,1.0005
101.57,1.0003
101.6,1.0008
101.63,1.0006
101.67,1.0001
101.7,1.0007
101.73,0.99997
101.77,1.0002
101.8,1.0005
101.83,1.0006
101.87,1.0005
101.9,0.99993
101.93,1.0007
101.97,1.0008
102,1.0008
102.03,1.0003
102.07,1.0004
102.1,1.0002
102.13,1.0005
102.17,1.0005
102.2,1.0002
102.23,1.0007
102.27,1.0007
102.3,1.0006
102.33,1.0003
102.37,1.0001
102.4,1.0006
102.43,1.0009
102.47,1.0001
102.5,0.99984
102.53,1.0009
102.57,1.0004
102.6,1.0008
102.63,1.0007
102.67,0.99897
102.7,0.99919
102.73,0.99907
102.77,0.99936
102.8,0.99964
102.83,0.99933
102.87,0.99872
102.9,0.99966
102.93,0.99931
102.97,0.99918
103,0.99872
103.03,0.99942
103.07,0.99938
103.1,0.99941
103.13,0.99901
103.17,0.9991
103.2,0.99905
103.23,0.99982
103.27,0.99908
103.3,0.99925
103.33,0.99906
103.37,1.0008
103.4,1.0005
103.43,1.0005
103.47,1.0008
103.5,1.0007
103.53,1.0007
103.57,0.99991
103.6,1.0006
103.63,1.0008
103.67,1.0006
103.7,1.0008
103.73,1.0011
103.77,1.0009
103.8,1.0002
103.83,1.0003
103.87,1.0005
103.9,1.0003
103.93,1.0005
103.97,1.0009
104,1.0004
104.03,1.0004
104.07,1.0005
104.1,1.0007
104.13,1.0008
104.17,1.0005
104.2,1.0004
104.23,1.0008
104.27,1.0007
104.3,1.0007
104.33,1.0028
104.37,1.0019
104.4,1.0019
104.43,1.0018
104.47,1.002
104.5,1.0017
104.53,1.0021
104.57,1.0024
104.6,1.0019
104.63,1.0018
104.67,1.0017
104.7,1.0017
104.73,1.0014
104.77,1.0018
104.8,1.0016
104.83,1.0022
104.87,1.0019
104.9,1.0019
104.93,1.0022
104.97,1.0013
105,1.0019
105.03,0.9991
105.07,0.99922
105.1,0.99948
105.13,0.99965
105.17,0.99917
105.2,0.99956
105.23,0.99981
105.27,0.99916
105.3,0.99912
105.33,0.9994
105.37,0.99958
105.4,0.9994
105.43,0.99917
105.47,0.99943
105.5,0.99946
105.53,0.99928
105.57,0.99908
105.6,0.99952
105.63,0.99941
105.67,0.9993
105.7,0.99922
105.73,0.99926
105.77,0.99916
105.8,0.99911
105.83,0.99976
105.87,0.99933
105.9,0.99891
105.93,0.99926
105.97,0.9997
106,0.99954
106.03,1.0002
106.07,0.99948
106.1,0.99948
106.13,0.9994
106.17,1
106.2,0.99953
106.23,0.99981
106.27,0.99923
106.3,0.99953
106.33,0.99988
106.37,0.99933
106.4,0.99971
106.43,0.99985
106.47,1.0002
106.5,0.99988
106.53,0.99996
106.57,0.9996
106.6,0.99953
106.63,0.99971
106.67,0.99944
106.7,1.001
106.73,1.0009
106.77,1.0009
106.8,1.001
106.83,1.0006
106.87,1.0005
106.9,1.0008
106.93,1.001
106.97,1.0009
107,1.0009
107.03,1.0011
107.07,1.0007
107.1,1.001
107.13,1.0006
107.17,1.0007
107.2,1.0001
107.23,1.0009
107.27,0.99995
107.3,1.0005
107.33,1.0003
107.37,1.0001
107.4,1.0005
107.43,1.0005
107.47,1.0008
107.5,1.0005
107.53,1.0006
107.57,1.0005
107.6,1.0009
107.63,1.001
107.67,1.0006
107.7,1.0007
107.73,1.0011
107.77,1.0006
107.8,1.0009
107.83,1.0004
107.87,1.0004
107.9,1.0009
107.93,1.0008
107.97,1.0009
108,0.99946
108.03,0.99993
108.07,0.99969
108.1,0.99963
108.13,1.0001
108.17,1
108.2,0.99901
108.23,0.99974
108.27,0.9994
108.3,0.99956
108.33,0.99946
108.37,1.0001
108.4,0.99999
108.43,0.9998
108.47,0.99984
108.5,0.99977
108.53,0.99983
108.57,1.0002
108.6,1.0001
108.63,1.0003
108.67,1.0001
108.7,1
108.73,1.0001
108.77,1.0001
108.8,1.0001
108.83,1.0009
108.87,0.9998
108.9,0.99984
108.93,1.0002
108.97,1.0001
109,0.99994
109.03,1.0002
109.07,1.0004
109.1,0.99982
109.13,1
109.17,0.99978
109.2,1.0002
109.23,1.0002
109.27,1.0003
109.3,0.99908
109.33,0.99947
109.37,0.99934
109.4,0.99978
109.43,0.99947
109.47,0.99923
109.5,0.99932
109.53,0.99923
109.57,0.99979
109.6,0.99924
109.63,0.99893
109.67,0.99933
109.7,0.99971
109.73,0.99957
109.77,0.99943
109.8,0.99989
109.83,0.99922
109.87,0.99946
109.9,0.99914
109.93,0.99916
109.97,0.99929
110,1.0005
110.03,1.0009
110.07,1.0006
110.1,1.0001
110.13,1.0003
110.17,1.0002
110.2,1.0003
110.23,1.0007
110.27,1.0005
110.3,1.0006
110.33,1.0005
110.37,1.0001
110.4,1.0006
110.43,0.99998
110.47,1.0006
110.5,1.0005
110.53,1.0007
110.57,0.99996
110.6,1.0003
110.63,1.0004
110.67,1.0004
110.7,1.0007
110.73,1.0007
110.77,1.0007
110.8,1.0005
110.83,1.001
110.87,1.0004
110.9,1.0005
110.93,1.0003
110.97,1.0005
111,1.0007
111.03,1.0001
111.07,1.0006
111.1,1.0003
111.13,1.0007
111.17,0.99994
111.2,0.99994
111.23,1.001
111.27,1.0005
111.3,0.99994
111.33,1
111.37,1.0005
111.4,1.0003
111.43,1.0003
111.47,1.0005
111.5,1.0003
111.53,1.0002
111.57,1.0005
111.6,1.0008
111.63,1.0002
111.67,1.0001
111.7,1.0005
111.73,1
111.77,0.99975
111.8,1.0001
111.83,1.0002
111.87,1.0002
111.9,0.99986
111.93,1
111.97,0.99998
112,1.0004
112.03,1.0001
112.07,1.0004
112.1,1.0003
112.13,1.0001
112.17,0.99961
112.2,1.0003
112.23,1.0004
112.27,0.99996
112.3,1.0002
112.33,1
112.37,1.0007
112.4,0.99997
112.43,1
112.47,0.99969
112.5,0.99977
112.53,0.9996
112.57,1.0002
112.6,1.0002
112.63,0.99975
112.67,1.0008
112.7,1.0002
112.73,1.0001
112.77,1.0005
112.8,0.99929
112.83,0.99996
112.87,0.99998
112.9,1
112.93,0.99969
112.97,1.0001
113,0.99936
113.03,1
113.07,1.0001
113.1,0.99997
113.13,1.0003
113.17,0.99999
113.2,1.0004
113.23,1.0001
113.27,0.99974
113.3,1.0001
113.33,1
113.37,0.99992
113.4,1.0003
113.43,1.0002
113.47,1.0001
113.5,1.0001
113.53,1.0007
113.57,1.0005
113.6,1.0002
113.63,1.0002
113.67,1.0006
113.7,1.0007
113.73,1.0005
113.77,1.0001
113.8,1
113.83,1.0004
113.87,0.99996
113.9,0.99909
113.93,0.99929
113.97,0.99967
114,0.99944
114.03,0.99946
114.07,0.99971
114.1,0.99946
114.13,0.99907
114.17,0.99963
114.2,0.99953
114.23,0.99937
114.27,0.99928
114.3,0.99924
114.33,0.99939
114.37,0.99917
114.4,0.99925
114.43,0.99897
114.47,0.99925
114.5,0.9992
114.53,0.99956
114.57,0.99981
114.6,0.99969
114.63,0.99969
114.67,0.99959
114.7,0.99955
114.73,0.99961
114.77,0.99919
114.8,0.99963
114.83,0.99906
114.87,1.0005
114.9,1.0001
114.93,1.0001
114.97,1.0002
115,0.99998
115.03,1.0004
115.07,1.0007
115.1,1.0003
115.13,1.0005
115.17,1.0004
115.2,1.0007
115.23,1.0003
115.27,1.0004
115.3,1.001
115.33,1.0007
115.37,1.0001
115.4,1.0007
115.43,1.0001
115.47,1.0004
115.5,1.0004
115.53,1.0006
115.57,1.0002
115.6,1.0005
115.63,1.0009
115.67,0.99981
115.7,1
115.73,1.0007
115.77,1.0003
115.8,1.0003
115.83,1.0006
115.87,1.0019
115.9,1.0009
115.93,1.001
115.97,1.0012
116,1.0013
116.03,1.0013
116.07,1.0012
116.1,1.0016
116.13,1.001
116.17,1.0013
116.2,1.0015
116.23,1.0014
116.27,1.0011
116.3,1.0013
116.33,0.99973
116.37,0.99965
116.4,1.0002
116.43,0.99976
116.47,0.99966
116.5,0.99961
116.53,0.99985
116.57,0.9994
116.6,0.99935
116.63,0.99987
116.67,0.99946
116.7,0.99966
116.73,0.99999
116.77,1
116.8,1.0002
116.83,0.99949
116.87,1
116.9,0.99987
116.93,1.0001
116.97,0.99984
117,1
117.03,1.0001
117.07,0.99966
117.1,0.99964
117.13,0.9994
117.17,0.99975
117.2,0.99987
117.23,0.99956
117.27,0.99979
117.3,0.99967
117.33,0.99965
117.37,0.99999
117.4,1.0007
117.43,1.0008
117.47,1.0002
117.5,1.0004
117.53,1.0006
117.57,1.0001
117.6,1.001
117.63,1.0005
117.67,1.0003
117.7,1.0008
117.73,1.0006
117.77,1.0005
117.8,1.0003
117.83,0.99996
117.87,1.0002
117.9,1.0003
117.93,1.0006
117.97,1.0006
118,1.0002
118.03,1.0007
118.07,1.0006
118.1,1.0004
118.13,1.0002
118.17,1.0007
118.2,1.0004
118.23,1.0002
118.27,1.0005
118.3,1.0006
118.33,1
118.37,1.0016
118.4,1.0004
118.43,1.0006
118.47,1.0014
118.5,1.0011
118.53,1.0009
118.57,1.0011
118.6,1.0013
118.63,1.0008
118.67,1.0013
118.7,1.0013
118.73,1.001
118.77,1.0011
118.8,1.0009
118.83,1.0008
118.87,1.0009
118.9,1.0013
118.93,1.001
118.97,1.0009
119,1.0008
119.03,0.99968
119.07,1
119.1,1.0003
119.13,1.0003
119.17,1.0002
119.2,0.99991
119.23,0.9999
119.27,1.0001
119.3,1.0003
119.33,1.0003
119.37,0.9994
119.4,0.99999
119.43,0.99973
119.47,0.99987
119.5,1.0005
119.53,0.99978
119.57,0.99952
119.6,1.0001
119.63,0.99996
119.67,0.99988
119.7,1.0002
119.73,1.0002
119.77,1.0001
119.8,0.99992
119.83,1.0001
119.87,0.99992
119.9,1.0001
119.93,1.0002
119.97,1.0001
120,0.99981
120.03,0.99985
